{"0": [47.68945006697562, 37.959756903171744, 42.869837399865595, 52.45426383874991, 33.56859030982304], "1": [54.26819112162937, 49.190930545148575, 49.82450323247011, 50.34524790698096, 45.3547781095853, 44.8687497467085, 39.76545193650216, 40.18204767611084, 40.58996433781101, 41.03259731114524, 35.24365234616627, 35.59949454041535, 35.96401581257295, 36.25910446146243, 41.527304751930544, 46.439662848149574, 45.82344831664507, 51.022215983845065, 39.28810265153388, 43.72311146278463, 44.26989337102103, 36.64966296734557, 34.87045199610016, 54.94515919849348, 55.622127275357585], "2": [32.70936159688013, 37.213803031398996, 42.06540758225842, 46.84757950984974, 51.73390037234323]}