{"0": [42.37406618982539, 37.9848790483421, 33.704476411280616, 29.690982161754093], "1": [44.01763734746902, 44.52610804580938, 44.97995810399601, 43.50726097641082, 45.55421736129338, 40.836717370971414, 40.44146272433299, 39.746789065721586, 39.33394432054291, 36.34771938393011, 36.038961426487255, 35.712265978265826, 35.34607807299067, 34.97844803409159, 34.59667128699721, 36.73506922779479, 32.156011559136644, 31.880918212881994, 31.603246600241523, 40.135398094904716, 31.072665414254192, 31.351741510175565, 30.771021172357724, 27.6627294106528, 27.869606767316817, 27.24997337993069, 28.544642361639504, 28.05960191878134, 32.80632701558779], "2": [37.41286063117287, 41.68259849757885, 33.10575862246006, 29.055928063948734]}