{"0": [38.80708142038778, 33.498887148298955, 28.884229776240556, 23.942615474611756, 43.77885435891889], "1": [40.85318506579503, 41.335363305578284, 42.2553869741085, 41.78674687118311, 37.14151308042384, 36.79000490144246, 36.44508770903621, 36.09061511228707, 35.742971446144814, 35.401961253865494, 34.69480348891019, 35.072418443930424, 32.01438546261412, 31.724091601175694, 31.45112741905203, 31.198710270735223, 30.985555462244616, 40.39917187746501, 39.93148868731994, 37.4464883347409, 30.781876136701655, 30.574360097371244, 30.03442123970782, 30.298236807273927, 26.22483860017573, 26.41866036344972, 26.803212051693997, 26.634144975304153, 26.06439038093521, 25.857990683102223, 26.99822861364055, 27.17497964517213, 34.357524654265774, 27.582046534036255], "2": [32.47833104114838, 27.893777097284186, 37.80686961625369]}